rank_test_score,mean_test_score,std_test_score,param_classifier__criterion,param_classifier__max_depth,param_classifier__min_samples_leaf,param_classifier__min_samples_split,param_classifier__class_weight
1,0.6106615026464433,0.02206026023715288,gini,4,5,20,balanced
1,0.6106615026464433,0.02206026023715288,gini,4,5,2,balanced
1,0.6106615026464433,0.02206026023715288,gini,4,5,10,balanced
4,0.6104855427222138,0.022245389963246782,gini,4,10,2,balanced
4,0.6104855427222138,0.022245389963246782,gini,4,10,10,balanced
4,0.6104855427222138,0.022245389963246782,gini,4,10,20,balanced
7,0.6102800365747454,0.022466653643302904,gini,4,20,10,balanced
7,0.6102800365747454,0.022466653643302904,gini,4,20,2,balanced
7,0.6102800365747454,0.022466653643302904,gini,4,30,2,balanced
7,0.6102800365747454,0.022466653643302904,gini,4,30,10,balanced
7,0.6102800365747454,0.022466653643302904,gini,4,30,20,balanced
7,0.6102800365747454,0.022466653643302904,gini,4,20,20,balanced
13,0.6094287007362935,0.02119094340527906,entropy,4,30,20,balanced
13,0.6094287007362935,0.02119094340527906,entropy,4,30,2,balanced
13,0.6094287007362935,0.02119094340527906,entropy,4,30,10,balanced
16,0.6076104179584905,0.024126046800607513,entropy,4,20,10,balanced
16,0.6076104179584905,0.024126046800607513,entropy,4,20,20,balanced
16,0.6076104179584905,0.024126046800607513,entropy,4,20,2,balanced
16,0.6076104179584905,0.024126046800607513,entropy,4,5,10,balanced
16,0.6076104179584905,0.024126046800607513,entropy,4,10,10,balanced
16,0.6076104179584905,0.024126046800607513,entropy,4,10,2,balanced
16,0.6076104179584905,0.024126046800607513,entropy,4,5,20,balanced
16,0.6076104179584905,0.024126046800607513,entropy,4,10,20,balanced
16,0.6076104179584905,0.024126046800607513,entropy,4,5,2,balanced
25,0.606723509886368,0.017957794397956563,entropy,,30,10,balanced
25,0.606723509886368,0.017957794397956563,entropy,,30,20,balanced
25,0.606723509886368,0.017957794397956563,entropy,,30,2,balanced
28,0.6055746720437105,0.016307568977111733,gini,6,30,20,balanced
28,0.6055746720437105,0.016307568977111733,gini,6,30,10,balanced
28,0.6055746720437105,0.016307568977111733,gini,6,30,2,balanced
31,0.605457655761475,0.01774849899797576,gini,8,30,20,balanced
31,0.605457655761475,0.01774849899797576,gini,8,30,10,balanced
31,0.605457655761475,0.01774849899797576,gini,8,30,2,balanced
34,0.6053331866043122,0.016817469374155073,entropy,8,30,10,balanced
34,0.6053331866043122,0.016817469374155073,entropy,8,30,20,balanced
34,0.6053331866043122,0.016817469374155073,entropy,8,30,2,balanced
37,0.6048881142410911,0.01907865733882289,gini,,30,10,balanced
37,0.6048881142410911,0.01907865733882289,gini,,30,2,balanced
37,0.6048881142410911,0.01907865733882289,gini,,30,20,balanced
40,0.6043303875243996,0.018893432544947172,entropy,6,20,2,balanced
40,0.6043303875243996,0.018893432544947172,entropy,6,20,10,balanced
40,0.6043303875243996,0.018893432544947172,entropy,6,20,20,balanced
43,0.6041963179977536,0.028128225212838563,entropy,3,10,2,balanced
43,0.6041963179977536,0.028128225212838563,entropy,3,10,10,balanced
43,0.6041963179977536,0.028128225212838563,entropy,3,5,20,balanced
43,0.6041963179977536,0.028128225212838563,entropy,3,20,20,balanced
43,0.6041963179977536,0.028128225212838563,entropy,3,20,2,balanced
43,0.6041963179977536,0.028128225212838563,entropy,3,20,10,balanced
43,0.6041963179977536,0.028128225212838563,entropy,3,5,10,balanced
43,0.6041963179977536,0.028128225212838563,entropy,3,30,2,balanced
43,0.6041963179977536,0.028128225212838563,entropy,3,30,10,balanced
43,0.6041963179977536,0.028128225212838563,entropy,3,30,20,balanced
43,0.6041963179977536,0.028128225212838563,entropy,3,10,20,balanced
43,0.6041963179977536,0.028128225212838563,entropy,3,5,2,balanced
55,0.6039852003811218,0.011402285082642882,gini,5,20,10,balanced
55,0.6039852003811218,0.011402285082642882,gini,5,20,2,balanced
55,0.6039852003811218,0.011402285082642882,gini,5,20,20,balanced
58,0.6026798778231688,0.011889157941632745,gini,5,10,20,balanced
58,0.6026798778231688,0.011889157941632745,gini,5,10,10,balanced
58,0.6026798778231688,0.011889157941632745,gini,5,10,2,balanced
61,0.6023715905420023,0.012469992169073843,gini,5,5,10,balanced
61,0.6023715905420023,0.012469992169073843,gini,5,5,2,balanced
61,0.6023715905420023,0.012469992169073843,gini,5,5,20,balanced
64,0.6019820922439727,0.012720966663538915,gini,5,30,10,balanced
64,0.6019820922439727,0.012720966663538915,gini,5,30,2,balanced
64,0.6019820922439727,0.012720966663538915,gini,5,30,20,balanced
67,0.6017877567066927,0.01900608845321728,entropy,6,30,20,balanced
67,0.6017877567066927,0.01900608845321728,entropy,6,30,10,balanced
67,0.6017877567066927,0.01900608845321728,entropy,6,30,2,balanced
70,0.598963202195901,0.01976996628343339,entropy,8,20,10,balanced
70,0.598963202195901,0.01976996628343339,entropy,8,20,20,balanced
70,0.598963202195901,0.01976996628343339,entropy,8,20,2,balanced
73,0.598637344258427,0.020097013474133476,entropy,5,10,2,balanced
73,0.598637344258427,0.020097013474133476,entropy,5,10,10,balanced
73,0.598637344258427,0.020097013474133476,entropy,5,10,20,balanced
76,0.5976458343182072,0.019950653994094063,entropy,5,5,10,balanced
76,0.5976458343182072,0.019950653994094063,entropy,5,5,20,balanced
76,0.5976458343182072,0.019950653994094063,entropy,5,5,2,balanced
79,0.597628333109139,0.02811636467149949,gini,3,10,10,balanced
79,0.597628333109139,0.02811636467149949,gini,3,30,20,balanced
79,0.597628333109139,0.02811636467149949,gini,3,20,20,balanced
79,0.597628333109139,0.02811636467149949,gini,3,20,10,balanced
79,0.597628333109139,0.02811636467149949,gini,3,20,2,balanced
79,0.597628333109139,0.02811636467149949,gini,3,10,20,balanced
79,0.597628333109139,0.02811636467149949,gini,3,30,10,balanced
79,0.597628333109139,0.02811636467149949,gini,3,5,20,balanced
79,0.597628333109139,0.02811636467149949,gini,3,10,2,balanced
79,0.597628333109139,0.02811636467149949,gini,3,5,2,balanced
79,0.597628333109139,0.02811636467149949,gini,3,5,10,balanced
79,0.597628333109139,0.02811636467149949,gini,3,30,2,balanced
91,0.5973654924292402,0.014364224418603825,gini,6,20,20,balanced
91,0.5973654924292402,0.014364224418603825,gini,6,20,10,balanced
91,0.5973654924292402,0.014364224418603825,gini,6,20,2,balanced
94,0.5972477179268244,0.018065104848443463,entropy,6,10,10,balanced
94,0.5972477179268244,0.018065104848443463,entropy,6,10,20,balanced
94,0.5972477179268244,0.018065104848443463,entropy,6,10,2,balanced
97,0.5967089823788025,0.02282852477538856,entropy,5,20,2,balanced
97,0.5967089823788025,0.02282852477538856,entropy,5,20,10,balanced
97,0.5967089823788025,0.02282852477538856,entropy,5,20,20,balanced
100,0.5957697075451706,0.022131095965876074,entropy,5,30,2,balanced
100,0.5957697075451706,0.022131095965876074,entropy,5,30,10,balanced
100,0.5957697075451706,0.022131095965876074,entropy,5,30,20,balanced
103,0.5951190473865673,0.008414876382422921,gini,6,10,2,balanced
103,0.5951190473865673,0.008414876382422921,gini,6,10,10,balanced
103,0.5951190473865673,0.008414876382422921,gini,6,10,20,balanced
106,0.5949827024881291,0.01837469744930312,gini,8,20,20,balanced
106,0.5949827024881291,0.01837469744930312,gini,8,20,10,balanced
106,0.5949827024881291,0.01837469744930312,gini,8,20,2,balanced
109,0.5921541926316969,0.016900425881910357,entropy,,20,10,balanced
109,0.5921541926316969,0.016900425881910357,entropy,,20,20,balanced
109,0.5921541926316969,0.016900425881910357,entropy,,20,2,balanced
112,0.5904654782381872,0.013684988239338128,gini,8,10,20,balanced
112,0.5904654782381872,0.013684988239338128,gini,8,10,2,balanced
112,0.5904654782381872,0.013684988239338128,gini,8,10,10,balanced
115,0.5904513338787069,0.019801371604959147,entropy,6,5,2,balanced
115,0.5904513338787069,0.019801371604959147,entropy,6,5,10,balanced
117,0.5902832118505054,0.019952425688902146,entropy,6,5,20,balanced
118,0.5891901880662178,0.009614687743802239,gini,6,5,20,balanced
119,0.5886482768874886,0.010040357554712406,gini,6,5,10,balanced
119,0.5886482768874886,0.010040357554712406,gini,6,5,2,balanced
121,0.5870485183464984,0.011521096940990466,gini,,20,20,balanced
121,0.5870485183464984,0.011521096940990466,gini,,20,10,balanced
121,0.5870485183464984,0.011521096940990466,gini,,20,2,balanced
124,0.5852109165739642,0.02491999000885888,gini,5,10,20,
124,0.5852109165739642,0.02491999000885888,gini,5,10,10,
124,0.5852109165739642,0.02491999000885888,gini,5,10,2,
127,0.5836660128225365,0.009147732883546027,entropy,8,10,2,balanced
127,0.5836660128225365,0.009147732883546027,entropy,8,10,10,balanced
127,0.5836660128225365,0.009147732883546027,entropy,8,10,20,balanced
130,0.5835409931122622,0.031558641650250865,gini,5,20,20,
130,0.5835409931122622,0.031558641650250865,gini,5,20,10,
130,0.5835409931122622,0.031558641650250865,gini,5,20,2,
133,0.5827255719901886,0.014115426431844996,gini,8,5,20,balanced
134,0.5823440706615433,0.025714532323059338,gini,5,5,10,
134,0.5823440706615433,0.025714532323059338,gini,5,5,2,
134,0.5823440706615433,0.025714532323059338,gini,5,5,20,
137,0.5823332540481204,0.012140948820682972,entropy,8,5,2,balanced
137,0.5823332540481204,0.012140948820682972,entropy,8,5,10,balanced
139,0.5819563325088242,0.013596594581407915,entropy,8,5,20,balanced
140,0.5792530576097843,0.01029241888983548,gini,,10,2,balanced
140,0.5792530576097843,0.01029241888983548,gini,,10,10,balanced
140,0.5792530576097843,0.01029241888983548,gini,,10,20,balanced
143,0.5778450852828811,0.012843546913502426,gini,8,5,2,balanced
143,0.5778450852828811,0.012843546913502426,gini,8,5,10,balanced
145,0.5748896118160338,0.0327816892223854,gini,5,30,10,
145,0.5748896118160338,0.0327816892223854,gini,5,30,20,
145,0.5748896118160338,0.0327816892223854,gini,5,30,2,
148,0.5725850216387628,0.05302503396111744,entropy,5,20,20,
148,0.5725850216387628,0.05302503396111744,entropy,5,20,10,
148,0.5725850216387628,0.05302503396111744,entropy,5,20,2,
151,0.5712960373037826,0.021987975439561293,gini,6,20,2,
151,0.5712960373037826,0.021987975439561293,gini,6,20,10,
151,0.5712960373037826,0.021987975439561293,gini,6,20,20,
154,0.570149201544104,0.05571320175740154,entropy,5,10,20,
154,0.570149201544104,0.05571320175740154,entropy,5,10,10,
154,0.570149201544104,0.05571320175740154,entropy,5,10,2,
157,0.5700280940782531,0.010829863014737727,gini,,5,20,balanced
158,0.568861816794631,0.05510536971918417,entropy,5,5,10,
158,0.568861816794631,0.05510536971918417,entropy,5,5,20,
158,0.568861816794631,0.05510536971918417,entropy,5,5,2,
161,0.5663481783032263,0.010255302491627517,entropy,,10,2,balanced
161,0.5663481783032263,0.010255302491627517,entropy,,10,10,balanced
161,0.5663481783032263,0.010255302491627517,entropy,,10,20,balanced
164,0.5660509737205475,0.05039240186639395,entropy,5,30,2,
164,0.5660509737205475,0.05039240186639395,entropy,5,30,20,
164,0.5660509737205475,0.05039240186639395,entropy,5,30,10,
167,0.5641823254438758,0.02133198365068859,entropy,6,20,2,
167,0.5641823254438758,0.02133198365068859,entropy,6,20,20,
167,0.5641823254438758,0.02133198365068859,entropy,6,20,10,
170,0.5626593116630458,0.02239114937619582,entropy,8,30,20,
170,0.5626593116630458,0.02239114937619582,entropy,8,30,10,
170,0.5626593116630458,0.02239114937619582,entropy,8,30,2,
173,0.5625943742068588,0.03101531520070027,gini,6,30,2,
173,0.5625943742068588,0.03101531520070027,gini,6,30,20,
173,0.5625943742068588,0.03101531520070027,gini,6,30,10,
176,0.5621262162180087,0.017334398516290622,gini,8,20,20,
176,0.5621262162180087,0.017334398516290622,gini,8,20,10,
176,0.5621262162180087,0.017334398516290622,gini,8,20,2,
179,0.5611616736046084,0.025504243539772015,gini,8,30,10,
179,0.5611616736046084,0.025504243539772015,gini,8,30,2,
179,0.5611616736046084,0.025504243539772015,gini,8,30,20,
182,0.5605274217531329,0.023685653792300934,entropy,8,5,20,
183,0.55756348412833,0.012579600321476012,entropy,8,10,20,
183,0.55756348412833,0.012579600321476012,entropy,8,10,10,
183,0.55756348412833,0.012579600321476012,entropy,8,10,2,
186,0.5574031545220504,0.008503794908922892,entropy,,5,20,balanced
187,0.5564179962493462,0.02574490352857042,gini,,20,2,
187,0.5564179962493462,0.02574490352857042,gini,,20,20,
187,0.5564179962493462,0.02574490352857042,gini,,20,10,
190,0.5562418877888791,0.020686458357588814,entropy,8,20,10,
190,0.5562418877888791,0.020686458357588814,entropy,8,20,2,
190,0.5562418877888791,0.020686458357588814,entropy,8,20,20,
193,0.5558515922263545,0.02894478051299438,gini,6,10,20,
193,0.5558515922263545,0.02894478051299438,gini,6,10,10,
193,0.5558515922263545,0.02894478051299438,gini,6,10,2,
196,0.5557929742590347,0.033838186757921294,gini,6,5,20,
197,0.5557432528333477,0.023215148731836308,entropy,6,10,10,
197,0.5557432528333477,0.023215148731836308,entropy,6,10,20,
197,0.5557432528333477,0.023215148731836308,entropy,6,10,2,
200,0.5550312005960809,0.022628184027914094,entropy,8,5,2,
200,0.5550312005960809,0.022628184027914094,entropy,8,5,10,
202,0.5545370690632707,0.02067426057273369,entropy,4,5,2,
202,0.5545370690632707,0.02067426057273369,entropy,4,10,20,
202,0.5545370690632707,0.02067426057273369,entropy,4,5,20,
202,0.5545370690632707,0.02067426057273369,entropy,4,5,10,
202,0.5545370690632707,0.02067426057273369,entropy,4,10,2,
202,0.5545370690632707,0.02067426057273369,entropy,4,10,10,
202,0.5545370690632707,0.02067426057273369,entropy,4,20,2,
202,0.5545370690632707,0.02067426057273369,entropy,4,20,10,
202,0.5545370690632707,0.02067426057273369,entropy,4,20,20,
202,0.5545370690632707,0.02067426057273369,entropy,4,30,2,
202,0.5545370690632707,0.02067426057273369,entropy,4,30,10,
202,0.5545370690632707,0.02067426057273369,entropy,4,30,20,
214,0.5541153068566343,0.024370953732445425,gini,8,10,2,
214,0.5541153068566343,0.024370953732445425,gini,8,10,10,
214,0.5541153068566343,0.024370953732445425,gini,8,10,20,
217,0.5540458589105273,0.03359531944578376,gini,6,5,10,
217,0.5540458589105273,0.03359531944578376,gini,6,5,2,
219,0.5532185866331627,0.026194156496890077,entropy,6,5,10,
219,0.5532185866331627,0.026194156496890077,entropy,6,5,2,
221,0.5528771656893824,0.013056545885678122,entropy,6,30,2,
221,0.5528771656893824,0.013056545885678122,entropy,6,30,10,
221,0.5528771656893824,0.013056545885678122,entropy,6,30,20,
224,0.552731078758548,0.03409065215962469,entropy,,20,2,
224,0.552731078758548,0.03409065215962469,entropy,,20,10,
224,0.552731078758548,0.03409065215962469,entropy,,20,20,
227,0.5523579045224805,0.02724485624472013,entropy,6,5,20,
228,0.5512384453883958,0.024974587758148196,gini,,30,2,
228,0.5512384453883958,0.024974587758148196,gini,,30,10,
228,0.5512384453883958,0.024974587758148196,gini,,30,20,
231,0.5505248852997408,0.021274157288993952,entropy,,30,20,
231,0.5505248852997408,0.021274157288993952,entropy,,30,10,
231,0.5505248852997408,0.021274157288993952,entropy,,30,2,
234,0.547369240727233,0.02217096244755134,gini,8,5,20,
235,0.545915041687792,0.018834978966855397,gini,,5,2,balanced
235,0.545915041687792,0.018834978966855397,gini,,5,10,balanced
237,0.5423834254204062,0.009385670012146853,entropy,,5,10,balanced
237,0.5423834254204062,0.009385670012146853,entropy,,5,2,balanced
239,0.5423453043080853,0.02020307951957283,gini,8,5,2,
239,0.5423453043080853,0.02020307951957283,gini,8,5,10,
241,0.5396747589814739,0.013100133149685087,entropy,,10,10,
241,0.5396747589814739,0.013100133149685087,entropy,,10,2,
241,0.5396747589814739,0.013100133149685087,entropy,,10,20,
244,0.5356920386078402,0.013181692570611341,gini,,10,2,
244,0.5356920386078402,0.013181692570611341,gini,,10,10,
244,0.5356920386078402,0.013181692570611341,gini,,10,20,
247,0.5283281819701307,0.006501809455700099,gini,,5,20,
248,0.5242425916905771,0.011374080026698064,entropy,,5,20,
249,0.5237570767880259,0.025918529489274707,gini,4,30,10,
249,0.5237570767880259,0.025918529489274707,gini,4,30,2,
249,0.5237570767880259,0.025918529489274707,gini,4,20,10,
249,0.5237570767880259,0.025918529489274707,gini,4,20,2,
249,0.5237570767880259,0.025918529489274707,gini,4,20,20,
249,0.5237570767880259,0.025918529489274707,gini,4,30,20,
255,0.5231635309752671,0.02677985289076707,gini,4,10,20,
255,0.5231635309752671,0.02677985289076707,gini,4,10,10,
255,0.5231635309752671,0.02677985289076707,gini,4,10,2,
258,0.5231317548786444,0.02665707148145593,gini,4,5,2,
258,0.5231317548786444,0.02665707148145593,gini,4,5,20,
258,0.5231317548786444,0.02665707148145593,gini,4,5,10,
261,0.5105746940864587,0.013682430562882451,entropy,,5,2,
261,0.5105746940864587,0.013682430562882451,entropy,,5,10,
263,0.5011811343792771,0.009324725707015685,gini,,5,10,
263,0.5011811343792771,0.009324725707015685,gini,,5,2,
265,0.4848831384644653,0.017114969588362203,gini,3,30,2,
265,0.4848831384644653,0.017114969588362203,gini,3,20,20,
265,0.4848831384644653,0.017114969588362203,gini,3,20,10,
265,0.4848831384644653,0.017114969588362203,gini,3,20,2,
265,0.4848831384644653,0.017114969588362203,gini,3,10,20,
265,0.4848831384644653,0.017114969588362203,gini,3,10,10,
265,0.4848831384644653,0.017114969588362203,gini,3,10,2,
265,0.4848831384644653,0.017114969588362203,gini,3,5,20,
265,0.4848831384644653,0.017114969588362203,gini,3,5,10,
265,0.4848831384644653,0.017114969588362203,gini,3,30,10,
265,0.4848831384644653,0.017114969588362203,gini,3,5,2,
265,0.4848831384644653,0.017114969588362203,gini,3,30,20,
277,0.47814754949203414,0.02567138330940127,entropy,3,5,2,
277,0.47814754949203414,0.02567138330940127,entropy,3,5,10,
277,0.47814754949203414,0.02567138330940127,entropy,3,5,20,
277,0.47814754949203414,0.02567138330940127,entropy,3,10,2,
277,0.47814754949203414,0.02567138330940127,entropy,3,10,10,
277,0.47814754949203414,0.02567138330940127,entropy,3,10,20,
277,0.47814754949203414,0.02567138330940127,entropy,3,20,2,
277,0.47814754949203414,0.02567138330940127,entropy,3,20,10,
277,0.47814754949203414,0.02567138330940127,entropy,3,20,20,
277,0.47814754949203414,0.02567138330940127,entropy,3,30,2,
277,0.47814754949203414,0.02567138330940127,entropy,3,30,10,
277,0.47814754949203414,0.02567138330940127,entropy,3,30,20,
